{
  "region": "us-east-2",
  "configuration": "Debug",
  "framework": "netcoreapp3.1",
  "self-contained": false,
  "application": "GastroAvancesWeb",
  "environment": "GastroAvancesWeb-test",
  "enable-xray": false,
  "enhanced-health-type": "basic",
  "additional-options": "",
  "solution-stack": "64bit Amazon Linux 2 v2.1.2 running .NET Core",
  "environment-type": "SingleInstance",
  "cname": "gastroavancesweb-test",
  "instance-type": "t2.micro",
  "key-pair": "llave-gastro",
  "instance-profile": "aws-elasticbeanstalk-ec2-role",
  "service-role": "aws-elasticbeanstalk-service-role",
  "proxy-server": "nginx"
}
