
{
    "region" : "us-east-2",
    "configuration" : "Debug",
    "framework"     : "netcoreapp3.1",
    "self-contained" : false,
    "application"    : "GastroAvancesWeb",
    "environment"    : "GastroAvancesWeb-test",
    "enable-xray"    : false,
    "enhanced-health-type" : "basic",
    "additional-options"   : "\"aws:autoscaling:launchconfiguration,SecurityGroups\"=\"sg-7eaaac0e\";\"aws:ec2:vpc,Subnets\"=\"subnet-65014229\"",
    "solution-stack"       : "64bit Amazon Linux 2 v2.1.2 running .NET Core",
    "environment-type"     : "SingleInstance",
    "cname"                : "gastroavancesweb-test",
    "instance-type"        : "t2.micro",
    "key-pair"             : "webservicetest",
    "instance-profile"     : "aws-elasticbeanstalk-ec2-role",
    "service-role"         : "aws-elasticbeanstalk-service-role",
    "proxy-server"         : "nginx"
}